{
  "CongNgheThongTin": {
    "precision": 1.0,
    "recall": 1.0,
    "f1-score": 1.0,
    "support": 129.0
  },
  "KeToan": {
    "precision": 0.5170068027210885,
    "recall": 0.6129032258064516,
    "f1-score": 0.5608856088560885,
    "support": 124.0
  },
  "KienTruc": {
    "precision": 1.0,
    "recall": 1.0,
    "f1-score": 1.0,
    "support": 127.0
  },
  "KinhTe": {
    "precision": 0.5247524752475248,
    "recall": 0.4274193548387097,
    "f1-score": 0.4711111111111111,
    "support": 124.0
  },
  "KỹThuatOTo": {
    "precision": 1.0,
    "recall": 1.0,
    "f1-score": 1.0,
    "support": 125.0
  },
  "Luat": {
    "precision": 0.528,
    "recall": 0.515625,
    "f1-score": 0.5217391304347826,
    "support": 128.0
  },
  "Marketing": {
    "precision": 1.0,
    "recall": 1.0,
    "f1-score": 1.0,
    "support": 123.0
  },
  "NgonNguAnh": {
    "precision": 1.0,
    "recall": 1.0,
    "f1-score": 1.0,
    "support": 124.0
  },
  "QuanTriKhachSan": {
    "precision": 1.0,
    "recall": 1.0,
    "f1-score": 1.0,
    "support": 125.0
  },
  "SuPham": {
    "precision": 0.5230769230769231,
    "recall": 0.5354330708661418,
    "f1-score": 0.5291828793774319,
    "support": 127.0
  },
  "TamLyHoc": {
    "precision": 1.0,
    "recall": 1.0,
    "f1-score": 1.0,
    "support": 120.0
  },
  "YKhoa": {
    "precision": 1.0,
    "recall": 1.0,
    "f1-score": 1.0,
    "support": 124.0
  },
  "accuracy": 0.84,
  "macro avg": {
    "precision": 0.8410696834204613,
    "recall": 0.8409483876259419,
    "f1-score": 0.840243227481618,
    "support": 1500.0
  },
  "weighted avg": {
    "precision": 0.8401286131325848,
    "recall": 0.84,
    "f1-score": 0.8393042851016791,
    "support": 1500.0
  }
}