{
  "CongNgheThongTin": {
    "precision": 1.0,
    "recall": 1.0,
    "f1-score": 1.0,
    "support": 129.0
  },
  "KeToan": {
    "precision": 0.5486725663716814,
    "recall": 0.5,
    "f1-score": 0.5232067510548524,
    "support": 124.0
  },
  "KienTruc": {
    "precision": 1.0,
    "recall": 1.0,
    "f1-score": 1.0,
    "support": 127.0
  },
  "KinhTe": {
    "precision": 0.5407407407407407,
    "recall": 0.5887096774193549,
    "f1-score": 0.5637065637065637,
    "support": 124.0
  },
  "KỹThuatOTo": {
    "precision": 1.0,
    "recall": 1.0,
    "f1-score": 1.0,
    "support": 125.0
  },
  "Luat": {
    "precision": 0.5106382978723404,
    "recall": 0.5625,
    "f1-score": 0.5353159851301115,
    "support": 128.0
  },
  "Marketing": {
    "precision": 1.0,
    "recall": 1.0,
    "f1-score": 1.0,
    "support": 123.0
  },
  "NgonNguAnh": {
    "precision": 1.0,
    "recall": 1.0,
    "f1-score": 1.0,
    "support": 124.0
  },
  "QuanTriKhachSan": {
    "precision": 1.0,
    "recall": 1.0,
    "f1-score": 1.0,
    "support": 125.0
  },
  "SuPham": {
    "precision": 0.5087719298245614,
    "recall": 0.4566929133858268,
    "f1-score": 0.48132780082987553,
    "support": 127.0
  },
  "TamLyHoc": {
    "precision": 1.0,
    "recall": 1.0,
    "f1-score": 1.0,
    "support": 120.0
  },
  "YKhoa": {
    "precision": 1.0,
    "recall": 1.0,
    "f1-score": 1.0,
    "support": 124.0
  },
  "accuracy": 0.8413333333333334,
  "macro avg": {
    "precision": 0.8424019612341103,
    "recall": 0.8423252159004319,
    "f1-score": 0.8419630917267836,
    "support": 1500.0
  },
  "weighted avg": {
    "precision": 0.8413753248648794,
    "recall": 0.8413333333333334,
    "f1-score": 0.8409508852216427,
    "support": 1500.0
  }
}